0,14
005,2
01,2
028,1
04,3
1,19
10,6
100,5
1000,2
10f,1
11,2
12,1
15,4
150,3
156543034,1
16,2
16m,1
178993,3
18,2
180,1
185,1
1km,1
2,11
20,4
2004,3
2006,3
2007,3
20070228,1
220,1
25,2
250,3
27,3
2d,1
3,6
30,4
300,2
32,2
33,1
360,1
3d,1
4,6
40,2
400,3
40075016686,1
4063318,1
42,1
4x4,1
5,3
50,7
6,1
60,1
6a0cdddc,1
8,2
80,1
8505113,1
9,1
96,2
aa,1
abil,2
abl,1
ablock,1
abov,3
abstract,17
ac,2
acanv,3
acc,10
accept,1
accompl,1
accord,6
account,2
accur,1
achief,1
acl,2
acollect,2
act,5
actionon,1
activ,2
actu,8
ad,36
adapt,1
adapter,1
addchild,1
addel,1
addeventhandleron,2
addit,8
addmeter,2
addobject,1
addr,2
addtask,1
adescript,1
adocum,2
adr,3
adv,7
advancec,1
afamixassoc,2
afamixcl,3
afamixmethod,5
aff,2
afterwaterparser,2
ag,1
agent,1
agnost,1
ahav,1
ajac,1
al,56
alg16,2
algorithm,15
align,2
alignm,1
alignmargin,1
alignmentmod,1
allmodel,1
allmodelcl,1
alltestsresult,2
alph,3
alread,2
alt,2
alter,1
altern,3
am3,1
amount,5
anchor,3
anev,1
anext,1
angl,1
anim,3
aninput,1
annot,6
announcer,1
answer,1
anumber,2
anxdfil,3
anyth,1
ap,23
appl,6
approach,2
appropr,1
ar,69
arbitr,1
arc,2
arch,1
aresult,1
arg,1
argu,1
argum,2
arrow,8
arrowhead,3
asc,2
ascent,1
asdict,1
asfilerefer,1
asform,1
aslot,1
aspect,8
aspx,3
assign,1
assoc,12
asstr,3
assum,3
ast,1
astr,2
asupperc,1
asymbol,7
attach,10
attachm,1
attachpoint,3
attribut,10
attributeat,3
augm,2
author,4
automat,1
av,1
avail,2
avalu,1
awar,1
b1,4
b2,5
ba,20
back,2
background,12
bahaviour,2
bal,1
bar,1
barchartwithbartitl,1
base64,1
basel,1
basic15,1
bear,1
becaus,4
befor,3
begin,1
behavior,4
belong,4
bernoulligener,4
bernoulligeneratortest,4
bez,1
bin,3
bit,2
bl,3
black,4
blchick,1
blchildr,1
blchildrenaccountedbylayout,1
blchildrenar,1
blchildrenlinkedl,1
blchildrenorderedcollect,3
blchildrenorderedcollectionexampl,1
blchildrenrever,1
blchildrenrop,1
blchildrensub,1
blchildrensubsetexampl,1
blclickev,1
blcollectionrop,1
blel,6
blelementremovedev,1
bleventhandler,1
blgridalignmentmod,1
blgridlayoutac,1
blgridor,1
blhandlerannouncerregister,1
blhost,4
blin,1
blinfinitedatasourceitemrangemov,2
blkeycombinationexampl,1
blkeycombinationvisit,1
bllayoutconstraint,4
bllineshap,1
blmeasurementmod,2
blmorphichost,1
blmousedownev,2
blmouseupev,1
blob,2
bloc,17
block,7
blog,4
blpointshap,1
blpolygon,1
blrectangleshap,2
blrectangleshapewitharrowexplan,2
blshortcuthandler,1
blspacefram,1
blspaceframeph,2
bltextel,2
bltextelementmeasurementstrategyexampl,2
blu,2
blueprint,4
blur,2
blvectorshap,1
bonjour,1
bonus,1
book,2
boot,4
border,5
bordercolor,1
born,1
bottom,7
bound,10
box,4
boxselectionforedg,1
breadcrimb,1
breadcrumb,3
break,1
breakl,1
brewer,1
brexamplesshowroom,4
brglamorousicon,4
bridg,2
brl,2
brmaterialtogglelabelledlook,1
brow,2
browser,10
brtabgroupmodel,3
brtext,2
brtextadornmentattribut,2
brtexteditorexampl,5
brtextstyler,2
brtoggl,1
brtoggleactivatedev,1
bsd,4
buck,1
buffer,2
bugzil,3
build,20
builder,9
button,11
bwp,2
ca,8
cach,2
cal,5
calcl,8
callback,2
camer,3
cancel,5
canproc,1
canv,12
capt,2
captur,3
car,4
cat,2
catch,2
categor,3
caus,1
cdf,1
cel,2
cellspac,2
center,7
cg,6
ch,12
chain,1
chang,19
chapter,1
chapter1,1
char,2
character,2
charg,3
chart,1
check,4
checkandreportfilenam,1
child,4
childr,23
childrenwithmultiplecombinedsub,1
chunk,1
circl,8
cl,113
clamp,1
classdefinit,1
classvariablenam,1
clear,1
click,9
client,1
clip,4
cnf,4
cod,11
codeb,1
codeblock,3
codec,4
codeexpan,1
codelock,1
collabor,2
collap,2
collect,17
collectin,1
color,22
colorbrewer2,2
colorel,1
colorp,1
column,4
columncount,2
comb,8
combin,3
combobox,1
command,1
commitandtagrel,2
common,7
commonmark,2
comp,6
compact,1
compar,1
compil,1
compiler,2
compl,5
complec,5
compolec,1
compon,8
composit,10
compositefilter,1
comput,11
computeconcept,1
con,2
concept,4
concr,8
configur,9
conjunct,4
connect,7
connectfrom,1
consc,2
conslus,1
constraint,5
constraintsd,1
construc,2
consum,1
cont,7
contact,5
container,2
context,6
continu,4
continuousattachpoint,2
contour,1
contr,1
control,3
controlel,1
conv,1
conver,5
cook,8
cool,1
coordin,2
cop,3
copyright,4
corner,5
correspon,4
count,1
cour,2
cr,35
crap,2
crash,2
crc,1
creat,16
crit,4
criter,1
cs,2
cub,1
cuml,2
cur,14
currentsegm,2
curv,2
cusom,3
custom,6
cynth,1
d3,5
dangl,1
dat,28
datasourc,2
dateandtim,1
dateinteract,1
dateshap,2
dcrtr,1
deadl,1
debug,2
debugger,4
dec,2
decl,1
decomp,1
decomposit,1
decor,3
def,22
default,9
defaultbutton,2
defaultexporter,1
defaultversioncomput,1
defin,9
definit,2
degr,1
degreestorad,1
del,3
deleg,1
dem,2
denot,1
dep,11
depl,2
deriv,1
desc,1
describ,15
descript,7
design,2
desir,1
destr,2
detail,6
detect,5
dev,3
devicenamemenu,1
dhblinesearch,1
dhbnewtonzerofinder,2
dhbnormaldistribut,1
dict,7
differ,9
direct,11
disabl,1
disadv,1
discr,1
dispatchev,3
displ,13
dist,4
distribut,8
distributionvalu,1
div898,3
dj,1
dl,1
doc,2
docarticl,2
docl,2
docum,4
documentgroup,1
documentwithexistingcl,1
dog,1
dolphin,1
dom,1
domain,3
don,6
dostep,1
drag,3
draw,6
drawn,3
driv,2
ds,2
dt,1
du,3
dum,2
dur,11
dwyer,2
dynam,2
e1,6
e2,8
e3,4
ea,4
ec,10
ed,3
eda35g,3
edg,17
edgefrom,4
edit,14
editortext,1
effect,2
ek,3
el,92
elementson,2
em,4
email,1
emb,4
empt,4
emptycanv,2
emptycircletail,1
en,19
enabl,3
encl,6
enclosur,3
enclosurewithonecircl,1
enclosurewiththreecircl,1
encod,5
encoder,6
endit,1
endtim,1
enforc,1
ensur,2
ent,18
enter,1
entir,2
entityst,1
entr,3
environm,3
equ,1
error,4
es,4
ethz,2
ev,7
evalu,8
event,25
everyth,4
exact,7
exampl,87
execut,14
executeandreport,2
expan,4
experim,5
expir,1
explicit,3
explor,4
explorer,1
expon,2
export,5
exportwithprinter,1
ext,12
extent,7
extract,2
fact,8
fail,2
failur,1
fal,2
falutui1,3
fam,7
famixacc,3
famixannotationtyp,2
famixannotationtypegroup,2
famixassoc,2
famixcompatibilitygener,1
famixinherit,2
famixjav,1
famixnamespac,1
famixpack,1
famixrefer,1
famixstcl,3
famixstmodel,8
famixtrait,2
famixtyp,1
fast,2
fc,3
ferlicot,2
field,1
figur,1
fil,15
filleddiamondhead,1
fillpath,2
filter,13
filter1,1
filter2,1
filter3,1
filter4,1
fin,2
find,7
fir,6
firefox,1
fit,2
fitcont,3
fith,1
fixednod,1
fixedposit,1
fl,3
flag,1
flatuicolor,3
float,1
flush,5
fm3el,2
fmheinekenexampl,1
fmmetametamodel,1
fmmetamodel,2
fmmodel,1
fmmseprinter,1
fmxmbvisit,2
follow,13
font,2
footnot,1
forc,1
forcenewrel,1
forest,1
forg,3
form,13
format,2
forml,6
forruntim,1
found,6
fourleg,1
fp,1
fr,4
fram,9
framework,3
frequ,1
frict,2
fun,3
funct,15
gather,2
ge,10
gemst,2
gener,12
geograph,1
geometer,3
getter,2
gibbon,1
github,4
giv,9
glamor,1
glamorousbutton,1
glamorousdisabledbutton,1
glmroassalmorphictest,1
glob,2
glyph,7
goal,1
googl,1
gorg,1
gov,3
grad,3
grammar,1
graph,6
grasp,2
grav,3
greed,1
grid,10
group,4
gt2documentexampl,1
gtexampl,4
gtgraphcircleenclosur,1
gtgraphcircleenclosureexampl,2
gtgraphtreemaplayoutexampl,8
gtgraphtreemapnod,1
gtgraphtreemapsl,2
gtgraphtreemapslicehorizont,1
gtgraphtreemapsquarifiedlayout,3
gtgraphtreemapsquarifystep,1
gticonsfor,1
gtlibraryinstaller,1
gtlivefor,4
gtlivein,2
gtpreviewfor,3
gtprintin,1
gtprototasker,1
gtrlreleaseconfigur,2
gtrlsemantictagreleasestrateg,4
gtsubclassesfor,2
gttaskertask,1
guaranteed,1
ha,20
hair,1
half,3
halt,2
hand,4
handbook,3
handl,4
handler,9
hap,2
hapac,6
hasmodl,1
hasn,1
hav,41
head,3
header,1
height,7
hel,1
helper,4
henc,3
hid,1
hierarch,6
high,2
highlight,3
higraph,1
hint,2
hog,1
hol,2
hold,11
horizont,10
horizontalac,1
host,10
hover,1
href,1
htm,4
html,11
http,43
httpon,3
hu,1
huiz,2
iam,2
icon,6
iconif,1
id,4
ident,1
ietf,3
iff,2
ifram,2
iftru,10
im,5
imag,18
imageuptim,3
immut,1
imp,1
impl,8
implem,29
implicit,1
import,12
importer,1
importercontext,1
importiconsfromdirect,3
importstr,1
imprec,1
improv,6
includesk,1
inclus,6
incom,3
incr,3
ind,13
indep,6
inf,4
infinit,4
infiniteel,2
inform,17
infrastructur,1
init,12
initializeph,1
inject,2
inl,1
input,8
inputfil,1
inser,2
insid,4
inspect,2
inspir,3
inst,44
installer,5
installtitl,4
instancevariablenam,1
instat,1
int,17
integer,4
interact,3
interfac,3
intern,8
internet,1
interpol,1
interv,9
inv,1
inver,1
inverseslot,1
invoc,1
iow,1
isempt,1
iskindof,2
island,3
issu,1
item,8
itemanim,1
iter,6
iv1,1
iv2,1
jakob,2
jan,2
jark,2
jav,1
javasourcelangu,1
ke,2
kernel,1
key,19
keyword,4
kgb,4
kind,6
kolmogorov,1
kolmogorovsmirnov,1
krusk,1
ks,1
ksstat,2
kuhn,3
kur,2
label,23
labelblock,3
labelforselect,1
labelledformdialogexampl,1
labor,2
lan,2
langu,5
larg,2
larger,3
lastlayoutparamshashcod,1
lat,7
lay,1
layout,53
layoutinit,2
laz,1
le,2
leaf,2
learn,1
learnmor,2
leav,1
ledolter,1
left,9
leg,1
length,7
letter,2
level,11
li,1
libmoz2d,1
libr,3
lic,4
lifecycl,3
lightgr,2
lik,10
lim,5
lin,15
lineargrad,1
lineshap,4
link,3
linkedl,1
list,15
liter,3
ln,2
load,3
loader,1
log,3
lon,1
long,6
longer,1
longest,1
lost,1
lowcolor,1
magnitud,1
main,7
maintain,1
major,1
mak,8
maker,1
malformalcontext,1
malhgnod,1
malhierarchicalgraph,1
mallat,1
mallatticepattern,1
mammals2,1
man,4
manag,1
mand,2
manipl,1
manu,6
map,2
mar,1
margin,3
mark,3
markup,1
master,4
match,2
matchpar,1
materiallabeltoggl,1
materialtoggl,1
mathemat,3
matou,3
matr,12
matter,3
maxim,4
maximumabsolut,1
mbostock,1
meant,3
measur,14
measuredbound,1
measurementdiffer,1
mechan,6
member,1
memor,2
ment,1
merg,5
metad,3
metadescriptionon,2
metamodel,4
metamodelm,1
meter,7
method,47
methodshap,1
mi,1
mic,2
microsoft,3
middl,3
millisecondclockvalu,1
minim,9
minor,2
mirror,1
mo,5
mod,5
model,26
modif,2
modl,2
moen,2
mondr,1
month,1
monthshap,1
monthshapepath,1
monticel,1
moosegroup,2
mooseincomingqueryresult,2
moosemodel,2
mooseoutgoingqueryresult,2
moosequ,2
moosevisualloc,2
moprh,4
mor,21
morph,4
mous,7
mousemov,2
mov,10
moveb,2
moz2d,1
mozil,3
mozlibr,1
mozserv,1
ms,2
msdn2,3
msecom,1
mseproper,2
multilangu,2
multim,2
multipl,5
mustach,2
mut,1
na,1
nam,15
navig,3
nec,2
net,3
netscap,3
newedit,1
newel,1
newsref,3
newtext,1
nextnod,1
nextput,2
nil,2
nist,3
nl,3
nocod,8
nod,15
nodel,1
nodenam,1
nomin,3
nonl,1
noon,2
norm,9
normalizecolor,2
noth,2
notif,3
number,17
numberofmethod,3
object,30
obtain,3
ock,4
od,1
offer,4
oft,2
older,1
oldposit,2
onc,12
ongrapher,1
onl,23
onmeasur,1
onstr,1
ont,2
op,1
open,7
opennativeinspectoron,1
openstreetmap,2
oper,11
opposit,2
opt,9
optgroup,1
optim,5
order,13
orderedcollect,2
org,15
origin,7
osm,5
osmzoomlevel,3
outg,4
output,1
overview,2
owner,1
pa,1
pack,21
pag,9
pager,2
paint,10
painter,4
pair,3
pal,1
paper,2
par,13
parabol,1
paradigm,1
paragraph,3
parameter,5
parameterat,1
parametertyp,1
parent,9
parser,11
part,8
particip,2
particl,3
past,2
patch,2
path,11
pattern,5
pdf,2
pen,1
pennsylvan,1
peopl,1
perform,14
person,2
perspect,1
petitparser,3
ph,10
phar,9
phonenumber,1
php,2
pi,1
picker,4
piec,3
pier,1
pil,9
pixel,1
pl,9
plac,6
platform,2
plugin,4
pmdualnumber,2
pmexponentialgener,1
pmgrad,1
pmhyperdualnumber,1
pmnewtonzerofinder,2
pmrandom,1
png,10
po,13
point,29
pointer,4
polygon,1
polyl,2
polymorph,1
pop,3
popup,7
port,1
posit,21
postinst,1
ppdebugparser,2
ppinf,1
ppisland,1
pplistpattern,1
pprelativepositionstream,2
pr,9
pract,1
pragm,6
prbooktestresult,4
prdocum,2
prdocumentgroup,2
prec,1
preformat,1
prepar,2
preserv,2
presum,1
prev,7
previewexpan,10
previewheight,6
previewshow,7
prfigur,2
prim,3
print,2
printer,3
printstr,1
prior,1
privatest,2
prlistitem,1
prnodetransformer,1
prob,4
problem,1
proc,17
produc,2
progr,2
project,5
proper,20
pror,1
protocol,5
prov,11
provider,3
prparameterk,1
prparametervalu,1
prpillargrammar,2
prpillarparser,1
prscreenshottransformer,1
publ,4
publfil,2
purp,2
purpl,1
push,2
pushfront,1
put,3
pvalu,1
qu,5
qualit,6
quantil,1
quantiletest,1
quartil,1
quaternion,1
quer,1
queryallloc,1
queryloc,2
ra,2
rad,1
radius,3
random,1
randomgener,1
randommatr,1
rang,2
raster,1
rat,5
raw,4
reach,1
react,3
read,1
readstream,1
real,3
reap,2
reason,4
rebound,1
rec,2
receiver,3
record,2
recorver,2
rectangl,35
rectangleshap,1
rectanglewithtranslatedtopedg,1
red,3
redef,1
refer,13
referencer,1
reflect,2
refrain,1
register,6
reignold,1
reingold,1
rejectequalityhypothesiswithalph,1
rel,11
relev,1
remain,2
remainderzoom,1
remember,3
remot,1
remov,12
removeabsoluteoldest,1
removefirstrow,1
removerelativeoldest,1
remplac,3
render,4
renderer,3
rendersearchlabelon,1
rendersearchresult,1
repeat,2
reportmodl,1
reposit,4
repr,35
request,15
requestlayout,1
requir,1
resepct,1
resetmetamodel,1
resid,2
resolut,2
resourc,8
respect,1
respon,12
rest,1
result,16
resum,2
return,13
rever,2
rfc2109,1
ring,2
rl,1
ro,8
roassalmodel,2
rol,4
root,11
rop,1
rot,3
round,3
row,4
rowcount,2
rtabstractexampl,1
rtarrowedl,1
rtbezier3l,1
rtbox,6
rtbuilder,1
rtcalendarbuilder,1
rtcalendarexampl,1
rtcirculartreemapbuilder,3
rtd,1
rtdecoratedl,2
rtdrag,3
rtellip,4
rtexperimentalexampl,1
rtfilterinview,2
rtgrapher,2
rtgrapherselectrangeviewcontext,1
rtgridlayout,1
rthighlightablewithcur,2
rthtml5exporter,2
rtlabel,1
rtlinedecorationexampl,1
rtlinkview,2
rtmondr,2
rtobjectbrowser,1
rtpopup,1
rtrectangleattachpoint,2
rtrotatedlabel,1
rtshap,1
rtshorterdistanceattachpoint,1
rtsunburstbuilder,1
rtsunburstbuilderexampl,1
rtsvgboxedtextpopup,1
rtsvgexporter,2
rtsvgpopup,1
rtsvgvisitor2,2
rttabt,1
rtverticalmultipl,1
rtview,12
run,10
rzoom,1
safar,1
sam,9
sampl,1
savetoxdoc,1
sc,1
scal,8
scenar,3
schem,10
screenshot,1
script,7
scrol,3
se,46
search,2
searchresultsd,1
seasid,3
secon,8
sect,1
section3,3
segm,1
select,17
selectioninl,1
sem,1
sen,8
separ,5
sequ,1
server,8
setter,1
sever,1
shap,27
shar,2
sharir,3
short,1
shortcut,1
shorter,1
show,9
showcl,1
showedg,1
sibl,1
sid,10
sign,1
signalerror,1
simil,3
simp,2
simpl,9
sinc,1
singl,9
siz,20
skew,1
skip,1
sl,1
slight,2
slot,1
smallest,1
smalllintmanifestchecker,4
smalltalk,7
smart,1
smooth,4
smoothscroller,3
snip,4
softwar,1
sol,3
solut,4
solver,2
som,18
someon,1
someth,6
sort,2
sortedcollect,1
sour,1
sourc,8
spac,23
span,4
spart,4
spartacanv,3
spawn,3
spec,14
specif,25
spl,1
split,4
spread,1
squar,3
squarif,2
squarifywithsevennod,1
squarifywithsevennodesfifthstep,1
squarifywithsevennodesfirststep,1
squarifywithsevennodesfourthstep,1
squarifywithsevennodessecondstep,2
squarifywithsevennodessixthstep,1
squarifywithsevennodesthirdstep,2
src,2
st,15
stack,2
stag,1
standard,3
star,1
start,13
starttim,1
stat,4
statetim,1
std,3
stencil,3
step,11
stepper,7
stil,3
stiml,1
stm,3
stop,2
storedmethod,1
straight,1
strateg,11
stream,7
streamingstrateg,1
strength,4
string,9
striv,1
strok,7
strokepath,2
structur,7
styl,3
subcl,35
subdiv,2
subdivid,1
subexlinprog,2
subject,3
subm,4
subrectangl,1
subsetfrom,1
subtr,1
sud,2
suff,1
suit,4
sum,1
super,1
supercl,14
support,16
sur,3
surround,2
svg,3
symbol,8
synchron,2
syntac,1
syrel,2
system,5
t0,1
t1,1
tab,7
tag,8
tak,10
tan,1
targ,2
targetcl,1
task,1
tasker,2
tel,3
templ,11
tempor,1
term,3
test,23
testc,1
text,43
textelementwithlabelmeasur,1
textrun,2
themselv,2
theor,2
ther,6
therefor,3
thom,2
thr,3
thumb,1
tighter,1
tightmeasur,1
til,5
tilfold,2
tim,14
timestamp,4
tip,2
titl,1
tod,8
toggl,2
toogl,1
tool,8
toolbar,1
top,9
topedg,3
topmost,1
tot,1
tr,16
trac,2
track,6
trait,3
trangl,1
transcript,2
transfer,1
transform,18
transformer,1
transl,8
translateb,4
transpar,1
traver,2
treat,2
treemap,3
treil,3
triangl,6
trianglepath,2
trigger,1
trosmshap,1
tru,13
trust,1
tspartapaint,1
tu,3
tw,3
typ,20
ui,2
unchang,2
uncom,1
undefin,3
underl,1
unib,2
uniform,3
uniqu,3
uniqueinst,1
univer,7
unknown,2
unl,2
unload,1
unnec,1
unorder,1
unrespon,2
unselect,1
unspecif,1
upd,3
upper,1
upsid,1
url,4
usag,2
user,20
usessmalltalkencod,2
usu,3
val,3
valu,22
valueholder,1
valuemodel,1
van,2
vanwijk,3
var,15
variabl,17
vau,1
ver,22
verif,1
verticalac,1
vi,4
vid,1
view,19
viewlat,1
visit,10
visitcodeblock,3
visu,15
visualizalit,3
visualizationcsv,1
vocabl,1
vv,1
w3,4
wa,3
wacodec,1
wacomborespon,1
wadelayedanswerdecor,1
wadelayfunctionaltest,2
waformdecor,4
wahashcach,2
wahtmlcanv,3
waillegalstateexcept,1
wainspect,1
walabelledformdialog,1
wamaximumnumberofsessionsexceedederror,1
wapath,5
waselect,2
waserver,1
watrail,1
wauptimetracker,4
waurl,1
web,8
weight,5
wel,3
welzl,3
wer,1
wh,7
whal,1
whatwg,1
wheel,1
whil,5
whit,2
whol,3
wid,1
wider,2
widg,6
width,14
wij,2
wik,4
wikip,2
wil,24
win,3
window,8
withallsubcl,5
withcound,1
word,2
work,12
world,1
worst,2
worstvalueround,3
wrap,3
writ,4
writer,2
wrong,4
wrongdirect,1
www,10
x0,1
xab,1
xhtml,3
xml,4
xpath,1
xxx,2
xxxx,2
xxxxx,36
xxxxxxxxx,1
ye,2
yearlayout,1
yourcl,1
yourextendingattribut,2
yourpack,1
yourtyp,1
yyy,2
zer,2
znbase64encoder,1
zoom,8
zoomlevel,1
zzz,2
