0,16
00,4
05,1
1,54
10,9
100,13
10000,1
100m,4
11,2
110,2
12,2
120,3
140,2
145,1
160,12
1920,1
2,16
20,6
2001,3
20c,1
20calcl,1
20l,1
20layout,1
20of,1
20on,1
20styl,1
20us,1
20widg,2
21,2
22,3
24,3
2cmwkz,1
2qp,1
2x,2
3,10
30,5
31,1
36,1
4,1
40,1
42,1
4i,1
5,3
51,1
517722,1
53,1
530377,1
55,1
63,1
68,1
70,12
71,4
72,7
74,6
75,1
76,5
77,2
8,4
80,13
8080,1
81,1
83,1
90,2
91,1
ab,1
abf,1
abfsconfigur,1
abil,1
abl,4
aborttask,1
abov,6
absolut,3
abstract,4
abstractapplicationservl,3
abstractcolorpicker,1
abstractcomponentcontainer,4
abstractfilesystem,1
abstractgridext,2
abstractobjectcountmap,1
abstractsinglecomponentcontainer,1
acc,4
accept,10
accuml,2
acl,1
acquir,11
acr,3
act,4
activ,1
actu,17
ad,23
adapter,2
addcontextclicklistener,1
addequalitygroup,1
adderror,1
addfunctionbreakpointactiondeleg,1
addit,5
addmemoryblock,1
addpref,2
addr,1
addvaluechangelistener,1
addwindow,1
adm,1
adv,2
affect,2
ag,4
al,55
algorithm,1
alloc,3
allocaterequest,1
alph,1
alread,5
alw,8
amount,4
annot,12
annotatedwith,4
answer,5
anyexcept,1
anyth,6
ap,11
apach,8
appl,19
applicationclientprotocol,1
applicationfin,2
applicationfinishd,2
applicationhistoryst,2
applicationmasterprotocol,1
applicationstart,2
applicationstartd,2
approach,5
appropr,7
approxim,3
ar,90
arbitr,2
arg,1
argum,11
arraylistmultimap,1
arraylistvalu,1
arriv,16
articl,2
artifact,3
asmap,1
asser,2
assoc,1
assum,6
ast,2
atomicdoublearraytest,1
atsv2,1
attach,2
attempt,3
attribut,1
aut,4
auth,4
author,82
autoconf,2
autodep,2
autom,2
automat,6
av,9
avail,10
aw,2
ayout,1
azur,1
ba,37
back,19
backupnod,1
bad,1
bal,2
bandwidth,2
bar,1
basedescript,1
batch,2
bbp,3
bean,7
becaus,7
becom,8
befor,18
begin,1
behavior,10
belong,1
ben,6
benchmark,1
bin,4
bind,28
bindconst,1
binder,4
bindingclassif,2
bindintercept,1
bindscop,1
bit,1
blackl,2
blank,1
blob,1
block,12
blockcollect,1
blockplacementpolicywithnodegroup,3
blockplacementstatus,3
blockquot,2
bloom,4
bloomfilter,4
blu,1
blueserv,1
blur,1
blurev,3
blurhandler,6
bob,3
boolean,3
bootstrap,1
bound,8
bourrillion,11
br,3
brack,1
breakpoint,2
breakpointev,1
browser,2
buck,2
buffer,8
bug,2
build,10
builder,12
buildsystemid,1
buildtool,2
buildtoolsus,2
built,6
buy,4
bytebuf,2
c99,2
ca,24
cach,23
cachebuilder,3
cacheloader,1
cachesexplain,1
cal,17
calcl,2
callback,2
caller,5
candid,1
canon,1
capt,1
card,1
carl,1
cast,1
catch,1
categor,1
caus,2
cconfigur,1
cconfigurationdescript,4
cconfigurationdescriptioncach,4
cconfigurationspec,1
cd,1
cdt,8
cel,2
celementlabelprovider,1
cfgdescript,1
cg,2
cgdecker,1
ch,1
chain,2
chan,1
chang,33
changevariabl,4
charl,7
check,9
checknotnl,2
checkpoint,1
checkstyl,1
child,2
chr,6
chunk,1
chunkfetchrequest,1
cipher,2
circl,3
circuit,1
cl,137
clang,1
classpath,3
classtoinstancemap,1
clear,3
click,1
client,71
closeabl,1
closeshortcut,1
cluster,6
cmemoryblockretrievalext,1
cod,90
coder,1
codereader,1
coec,1
coldfact,2
coldinterv,2
colin,5
collect,11
color,1
column,3
comb,2
combobox,1
command,12
common,17
compact,3
compar,17
comparablever,1
comparison,6
compat,3
compil,1
compl,2
complec,1
compon,19
compr,1
comput,14
con,3
concept,3
concern,3
concr,3
concur,1
concurrentmodificationexcept,2
condit,3
configfilter,2
configur,24
confront,1
confservl,2
confus,4
connect,3
consequ,7
consol,4
const,5
constrain,3
constraint,3
construc,17
consult,1
cont,9
container,5
containerrequest,1
context,8
continu,9
contract,5
contribut,2
control,3
conv,2
conver,2
converttotyp,1
cop,2
cor,1
coreus,1
correct,7
correspon,5
corrupt,1
cost,4
count,6
cour,1
cover,1
cparameterlistv,2
cpovirk,1
cprojectdescript,1
cprojectdescriptionev,2
cr,13
crazybob,1
creat,14
createafterellip,2
createbeforeellip,4
createexpensivegraph,1
createopt,14
createreturntr,2
createthrowtr,4
creditcard,3
creditcardpaymentserv,2
cs,2
cu,1
cur,12
currentst,1
custom,8
cwik,1
da,2
danger,1
dat,30
datadir,2
datanod,7
db8,3
deal,8
debug,1
debugger,1
dec,6
decker,5
decl,4
decod,2
deduc,3
def,2
default,27
defaultcodeformatterconst,10
defin,12
definit,1
del,4
deleg,9
deliver,2
delt,1
demand,1
den,2
denot,1
dep,12
dep1,2
dep2,2
dep3,2
dependencymakefil,2
deploym,1
deprec,10
depth,4
deriv,2
desc,1
describ,3
descript,1
desir,2
dest,1
destin,1
detach,1
detail,5
detect,12
determin,4
df,1
dhanj,1
dialog,2
differ,18
difficult,1
digit,3
dim,6
direct,22
disabl,2
disc,2
discover,2
disk,1
diskbalancer,3
displ,3
distcp,1
distribut,1
dn,1
docker,1
docum,5
doesn,5
doesnt,2
dom,28
domain,2
don,5
doubl,7
dr,1
driessch,2
dropev,1
droptargetext,1
dsf,3
du,7
dum,3
dupl,1
dur,5
dx,2
dynam,3
e2,1
ea,5
eager,1
earl,3
ec,4
eclip,6
edek,2
edit,8
editlogtailer,1
edsl,3
ee4,1
eff,1
effect,8
effort,4
el,16
elap,4
elig,1
ellip,4
em,4
emb,1
empt,8
en,18
enabl,2
encapsl,4
encod,3
encrypt,3
endtim,1
enforc,2
ensur,6
ent,6
enter,2
entr,15
entryiter,2
enumer,3
enumsetvalu,1
environm,4
ephemer,1
equ,20
equalstester,2
equiv,4
erasur,1
erron,2
error,13
es,5
esc,1
escap,2
estim,2
ev,5
evalu,2
event,49
everyth,3
evict,3
exact,3
exampl,27
examplebadcaller,1
exc,4
exceed,1
exclusionl,2
exec,1
execut,3
exp,4
expan,1
expect,17
expireafteracc,3
expireafterwrit,3
explain,5
explan,1
explicit,2
expr,11
ext,19
extern,2
extr,4
facebook,2
fact,3
fail,6
failover,1
failur,4
fair,2
fairscheduler,2
fairsharepol,2
fal,8
faster,7
fault,1
favor,1
fbasedescript,2
fcfgcach,2
featur,11
federationpolicyutil,2
fetch,5
fic,1
field,13
fil,49
filel,1
filenam,2
filepath,1
filestatus,1
filesystem,4
fileutil,1
filter,10
fin,20
find,5
finder,1
finish,2
fir,8
fl,14
flag,1
flec,1
float,2
flowpanel,1
flush,1
fo,6
foc,7
focusev,6
focushandler,9
fold,1
follow,9
footer,9
footprint,1
form,8
format,9
formattedvaluesvmutil,2
formatter,11
formatterm,20
formpanel,1
fornam,1
forwardingblockingdequ,1
forwardingqueu,1
forwardmult,2
found,1
fp,2
fr,5
fram,3
framescacheinf,1
framework,2
frequ,1
fresh,15
fromstr,1
fry,7
fs,2
fsn,1
fsnamesystem,1
fulfil,1
funct,40
futur,3
ga,1
gaus,1
gcc,2
gcm,2
gdb,9
ge,18
gener,31
georg,2
getallpr,1
getdeclaredfield,1
getfilestatus,1
gethost,2
getifpr,1
getinst,1
getlonectorfromserviceimplviareflect,1
getnodestoattribut,1
getnodestoattributesrequest,1
getpopupview,1
getport,1
getprogr,2
getsafemoderequest,1
getspec,1
gettransferd,1
getuncheck,1
github,5
giv,23
glob,2
gmail,1
gnu,3
googl,46
graf,1
grant,16
graph,2
great,1
green,1
grepcod,1
grid,16
gridconnect,1
gridcontextclickev,1
gridselectionmodel,1
group,9
grow,2
gt,2
gu,9
guar,4
guav,8
guid,4
gwt,35
h3,5
ha,31
hadoop,12
hadoopstream,3
hand,4
handl,10
handler,2
hap,1
hard,1
hash,4
hashenummultimap,1
hashmap,3
hav,22
hay,1
hd,2
hdf,2
header,13
health,2
height,2
helper,9
henc,1
hid,1
hierarch,2
high,2
hist,5
hold,1
hom,9
honor,2
horizont,4
host,2
hostandport,1
hover,3
hp,4
href,7
http,14
hypoth,1
i1,2
icconfigurationdescript,3
icdataproxycontainer,1
icpropertyprovider,1
icpropertytab,1
icsettingentr,1
icstorageel,1
id,6
idataloader,1
idebugmodelpr,1
ident,2
idiom,2
iframedmd,3
igdbsourcelookup,1
ignor,2
ihaschildrenupd,1
il,1
illeg,1
illegalargumentexcept,4
im,12
imanagedbuildermakefilegener,2
imanagedbuildinf,2
imarker,1
immut,2
immutabl,3
impl,26
implem,75
implicit,5
import,13
incl,4
includefilecontentprovider,4
inclus,12
inclusionl,3
incom,6
incompat,4
incr,8
ind,9
indirect,1
inf,7
inform,2
inherit,5
init,4
initializedefaultfact,2
initializerevalu,1
inject,8
innernod,12
input,13
inputformat,5
inputreader,2
inscrib,3
insensit,1
inser,12
insid,3
insignif,1
inspect,1
inst,43
int,35
integer,2
integr,17
intercept,3
interest,5
interfac,29
interm,1
intern,3
interv,6
introduc,1
inv,8
investig,1
invoc,2
invok,6
involut,1
io,1
ipath,2
isinstanceof,1
isn,1
ispopupv,1
itabpanel,5
item,9
iter,7
itool,2
itracerecorddmcontext,1
ivariabledmd,1
jackson,2
jar,1
jav,28
javadoc,33
javasqlnetworkwordcount,1
javastreamingtestexampl,1
jcamelon,5
jdk,4
je,5
jessewilson,1
jit,2
jjohnstn,2
job,4
jobinstancenam,1
journ,2
js,5
json,4
jsr166,1
jump,9
junit,2
k0,3
kerber,1
kerberosdelegationtokenauth,1
kevin,11
kevinb,2
key,21
keyboard,1
keycod,1
keyinputstream,2
keyv,1
keyword,1
kil,5
kind,2
kucer,1
kvind,1
kvst,3
label,1
landsat,1
lang,6
langu,3
larg,6
lastcheckpoint,1
launch,6
le,7
leaf,2
learn,2
leav,5
lec,1
left,5
leg,1
legacypropertyhelper,2
length,1
lenientformat,2
lesser,2
letter,1
level,6
leveldb,1
li,32
libr,8
lifer,2
lightweight,1
lik,9
lim,4
limiter,2
lin,15
link,147
linkplain,6
linux,1
list,25
listener,9
listmultimap,1
liststatus,1
liter,6
liv,2
llimllib,2
load,7
loadingcach,4
loc,7
localizationstatus,2
log,15
loggedtask,2
logparser,2
lonect,2
long,12
longer,1
lost,7
lot,3
lou,7
low,1
lru,2
lt,4
mac,3
mach,1
macr,7
mad,1
main,4
maint,1
maintain,12
mak,13
makefil,5
man,15
manag,3
managedmakebuilder,2
manager,3
mand,2
manner,1
map,39
mapper,5
mapreduc,2
maptestsuitebuilder,2
marker,1
match,6
math,1
matter,6
mav,2
maven2,1
maxdepth,2
maxim,13
maximumweight,3
maxperm,3
maxstoredperm,6
maxwidth,1
measur,4
mechan,3
member,3
memor,14
memus,1
menu,1
metad,2
meter,9
method,53
metricfilter,2
metricstimeen,3
metricstoretrief,2
mi,3
miarg,1
mick,1
mierrorev,1
mifram,6
mightcontain,2
mik,1
milest,1
min,2
mind,1
minicluster,2
minim,5
minimiz,1
minwidth,1
mirror,1
mislead,1
mk,3
mllib,1
mod,10
model,13
modif,9
modl,8
monit,3
mont,1
mor,15
mousedown,6
mouseup,6
mov,4
mult,1
multibind,1
multil,1
multimap,8
multimapbuilder,5
multipl,2
mut,1
myen,2
nam,24
namenod,5
namespac,5
natur,3
nec,3
neg,2
nest,1
net,5
network,3
newcollectiontypesexplain,1
newprivatebinder,1
nic,2
nl,25
nn,1
nod,15
noext,10
noimpl,4
noinst,7
nokleberg,3
norefer,4
norm,9
normalizedjobnam,1
noth,2
notif,1
nullpointerexcept,2
number,18
numer,2
numinst,1
oauth,1
object,50
objectcounthashmap,2
observ,4
obtain,1
obv,3
occur,1
od,1
offer,2
ofminut,1
oft,8
ol,4
om,2
ommultipartkeyinfocodec,1
omnodedetail,2
onblur,6
onc,1
onfoc,9
onl,40
ont,5
op,1
opaqu,1
open,2
openssl,7
openstream,3
oper,26
opt,15
optim,5
order,21
orderingpol,2
org,12
origin,1
osg,1
outdir,1
output,9
outputcommitter,2
outputext,2
outputlogfilter,1
outputstream,1
outsid,4
overflow,5
overload,1
overrid,9
owner,1
ozon,3
ozonenativeauthor,2
pa,3
pack,3
pag,12
paintcont,4
painttarg,4
pair,2
panel,8
par,4
param,21
parameter,29
parent,14
parenth,10
parser,1
part,16
particl,9
partit,2
past,20
path,9
pathdir,1
payload,1
paymentserv,3
pb,2
pdomnam,2
perform,7
period,16
perm,39
permitstotak,5
person,1
pi,6
pick,4
pid,1
pl,5
plac,6
placeholder,1
placementalgorithmoutput,1
plain,2
plan,2
platform,2
plug,2
plugin,6
po,17
point,9
pol,3
pool,2
popup,3
popupview,2
port,9
portl,14
posit,5
postpon,2
pot,1
povirk,3
pr,43
precondit,9
preconditionsexplain,3
predefin,1
preempt,2
pref,4
prefer,6
preserv,1
prev,6
preview,14
prim,8
primitiv,2
print,3
printf,1
prior,1
priv,25
privileg,1
prob,2
problem,4
proc,13
procstat,1
produc,10
profil,2
program,4
prohibit,1
project,5
prop,1
propag,2
proper,16
prot,1
protobuf,3
protocol,2
prov,20
provid,12
provider,6
prox,3
publ,6
purp,2
push,2
put,5
putinst,1
qmc,4
qp,4
qu,2
qualif,4
queu,6
queueev,1
quot,1
ragovercriter,1
random,6
rang,3
rar,1
rat,29
ratelimiter,35
raw,3
rc,2
reach,1
react,1
read,18
reader,3
readfrom,2
real,3
reason,3
rec,1
receiv,2
recom,1
record,2
recordreader,2
recover,2
red,6
redserv,1
reduc,9
reducer,2
reed,1
reencrypt,2
reencryptionhandler,1
ref,1
refer,10
reflect,3
regec,1
register,6
rel,6
remain,6
remember,10
remov,14
removallistener,5
render,3
reorder,1
repetit,1
repl,4
replac,11
report,1
repr,32
request,83
requeststaticinject,1
requir,11
requirebracketsforipv6,2
requirenonnl,1
reserializ,1
reserv,1
resolut,2
resourc,14
resourceblacklistrequest,2
resourcemanager,3
resourcerequest,3
resourcerequestinf,2
respect,1
respon,10
rest,2
result,12
retain,1
retr,2
retrief,5
return,36
returncheckertest,2
reus,3
rl,2
rmcontainer,2
rocksdb,2
rol,4
root,21
router,1
routerrmadminserv,1
row,12
rpc,3
rulercolumn,1
rum,1
run,14
runtim,1
s3,4
saf,8
sam,12
sampl,1
satisf,6
sav,5
saving,1
scal,1
scanner,2
scenar,5
sched1,1
sched2,1
schedl,4
scheduler,2
scmdatanodeheartbeatdispatch,1
scop,3
script,2
scrol,14
scrollpanel,2
se,85
search,1
secon,22
secondarynamenod,1
secur,2
seed,1
seek,1
segm,1
select,8
selectionmod,1
selectionmodel,2
sem,2
sen,3
sensit,1
separ,3
sequ,2
ser,13
serg,1
serv,24
server,15
serverhost,1
serviceimpl,8
serviceloader,1
serviceprovider,2
servl,3
setdropcriter,1
setmultimap,1
setselectionmod,1
setselectionmodel,1
setter,2
setup,4
sever,3
shar,9
shel,1
short,2
shortcut,1
shortcutlistener,1
show,5
shown,1
shuffl,3
shutdown,1
sid,6
sign,1
signif,1
simil,4
simp,6
simpl,1
simpler,1
simplest,5
sinc,94
singl,11
sink,1
situ,4
siz,7
skel,4
skip,1
slower,4
smal,7
snapshot,1
snip,4
softvalu,3
sold,1
solomon,1
som,12
somelegacyregister,1
someth,1
sort,2
sortedsetmultimap,1
sourc,8
sourcedocumentprovider,1
sourcelookup,2
sp,1
spac,14
spacer,1
spar,1
spark,5
spec,6
specif,28
spel,1
spen,8
split,2
spneg,1
spring,1
sql,1
sqrt,4
squar,5
src,3
ssl,3
sslsocketfact,2
st,50
stableinterv,4
stack,3
stag,1
standard,4
standb,1
start,14
starttim,1
starv,1
stat,23
stat2path,1
statestoredriver,2
status,2
statusreporter,2
stdc,1
stil,2
stop,1
storedperm,36
storedpermitstowaittim,7
stream,3
strict,2
string,23
struc,1
structur,7
structuregener,1
styl,1
subcl,8
subdir,1
subdirect,2
subm,4
submitcompl,1
submittim,1
subsequ,4
succ,5
succeed,1
suff,2
suit,1
sum,3
supercl,3
superf,6
supersourc,1
supertyp,3
suppl,2
support,19
surv,7
swallowexcept,1
swift,2
swiftf,2
switch,1
synchron,2
synop,1
syntac,3
system,9
tab,9
tabl,9
tablehead,1
tag,3
tail,1
tak,11
targ,3
targetdetail,2
task,10
taskattemptcontext,2
tck,1
techniqu,2
tel,3
templ,5
ten,2
term,4
termin,3
test,65
testequ,2
tester,1
text,7
textar,3
textedit,1
textfield,1
ther,10
therefor,2
thing,3
thread,13
threadid,1
thresholdperm,4
throttl,14
throw,23
thrown,6
tick,2
tim,54
timel,2
timelinefilterl,2
timelineprefixfilter,2
timeout,5
timestamp,7
tinyurl,1
toconstruc,1
tod,9
toggl,1
toinst,1
tok,7
tool,1
toolchain,1
top,2
toprovider,1
tostr,4
tot,3
tr,9
trac,7
tracecontrol,1
track,2
tradit,1
transact,2
transl,12
trapez,1
treat,4
trick,4
trigger,1
tru,6
tryacquir,2
tun,4
tut,2
tw,7
tweak,4
typ,59
typeconverter,1
typedviewerfilter,1
typeliter,1
ui,19
ul,17
undefin,1
underl,5
understand,3
underutil,23
unfamil,2
uniform,1
uniformsizeinputformat,1
uniqu,6
unit,8
unknown,1
unnec,2
unregister,2
unrel,1
unst,1
unsupport,1
unsupportedoperationexcept,2
unsupr,1
unus,21
upc,1
upd,12
upgrad,1
upload,3
upper,7
url,5
usag,7
user,21
usu,2
util,27
v7,4
vaadin,65
vaadinserv,1
vaadinserviceinitlistener,1
val,6
valu,36
valueof,1
valueprovider,2
van,2
var,19
vararg,10
variabl,4
vect,2
ver,16
verif,11
verifynotnl,2
vhirsl,1
vi,30
view,11
viewcv,1
viewer,3
virt,1
visit,1
void,7
vol,2
vscrollt,2
vscrolltablebod,1
wa,22
wait,17
warm,1
warmup,1
warmupperiod,3
warn,3
wasb,1
wasserman,7
watch,1
weak,1
weakk,5
weakvalu,3
weav,1
webspher,4
weight,2
wel,1
welch,1
wer,2
wh,23
whichever,2
whil,5
whit,3
whitespac,1
whitespaceopt,14
whitespacetabp,4
wid,2
widg,3
width,1
wik,10
wil,29
wild,2
wildcard,2
wildf,3
wildlf,2
wilson,5
window,10
windoworderupdateev,1
won,1
word,2
work,8
workingvalu,20
workspac,1
world,3
wrapper,2
writ,15
writablecompar,2
xattr,2
xhr,1
xhrconnectionerror,1
xml,4
yield,1
yu,6
zer,6
zon,1
